City_ID,City,Lat,Lng,Max Temp,Humidity,Cloudiness,Wind Speed,Country,Date
0,margaret river,-33.95,115.0667,21.6,58,56,5.12,AU,1699842054
1,carnarvon,-24.8667,113.6333,23.19,66,27,4.52,AU,1699842059
2,chebba,35.2372,11.115,18.84,76,9,6.33,TN,1699842182
3,petropavlovsk-kamchatsky,53.0452,158.6483,-0.67,74,40,12.52,RU,1699842067
4,george town,5.4112,100.3354,31.64,75,20,1.54,MY,1699842044
5,timmins,48.4669,-81.3331,0.9,86,100,6.17,CA,1699842027
6,port-aux-francais,-49.35,70.2167,4.34,76,100,1.92,TF,1699841676
7,kutum,14.2,24.6667,22.71,33,39,3.39,SD,1699842182
8,natal,-5.795,-35.2094,25.12,78,20,4.12,BR,1699841695
9,fortaleza,-3.7227,-38.5247,28.93,70,20,4.63,BR,1699842071
10,ushuaia,-54.8,-68.3,9.81,53,75,3.6,AR,1699841918
11,saudarkrokur,65.7461,-19.6394,-0.71,68,98,2.91,IS,1699842183
12,puerto ayacucho,5.6639,-67.6236,25.71,88,73,1.57,VE,1699842183
13,lukolela,-1.0605,17.1821,21.34,98,100,0.53,CD,1699842183
14,hithadhoo,-0.6,73.0833,27.14,78,95,2.98,MV,1699842183
15,albany,42.6001,-73.9662,-1.26,79,0,1.36,US,1699842134
16,georgetown,5.4112,100.3354,31.64,75,20,1.54,MY,1699842014
17,hermanus,-34.4187,19.2345,14.05,87,4,4.31,ZA,1699842045
18,chebarkul',54.9749,60.3633,1.42,88,100,1.69,RU,1699842107
19,colonia,50.9333,6.95,7.64,88,40,4.63,DE,1699842044
20,lluta,-16.0147,-72.0142,13.11,60,100,0.99,PE,1699842184
21,weno,7.4515,151.8468,28.97,84,75,2.57,FM,1699842185
22,adamstown,-25.066,-130.1015,22.8,85,100,8.73,PN,1699842036
23,kapuskasing,49.4169,-82.4331,1.05,100,100,6.69,CA,1699842185
24,alta,69.9689,23.2717,-5.41,63,76,4.63,NO,1699842185
25,ipatovo,45.7181,42.9036,11.49,67,100,3.85,RU,1699842185
26,yellowknife,62.456,-114.3525,-7.55,96,75,7.72,CA,1699842140
27,thinadhoo,0.5333,72.9333,26.67,78,100,1.75,MV,1699842104
28,blackmans bay,-43.0167,147.3167,19.74,40,3,1.37,AU,1699842185
29,punta arenas,-53.15,-70.9167,9.06,66,75,5.66,CL,1699842186
30,grytviken,-54.2811,-36.5092,2.86,90,100,2.04,GS,1699842042
31,sitka,57.0531,-135.33,3.94,75,0,2.57,US,1699842031
32,vilyuysk,63.7553,121.6247,-20.9,98,64,1.75,RU,1699842186
33,talnakh,69.4865,88.3972,-2.66,97,100,3.9,RU,1699842038
34,hasaki,35.7333,140.8333,12.22,70,100,9.83,JP,1699842186
35,whitehorse,60.7161,-135.0538,-2.57,80,100,3.6,CA,1699841904
36,xianning,29.8833,114.2167,8.87,70,100,1.97,CN,1699842186
37,ust-nera,64.5667,143.2,-23.1,99,100,1.43,RU,1699841962
38,edinburgh of the seven seas,-37.0676,-12.3116,14.24,81,28,9.81,SH,1699841840
39,ribeira grande,38.5167,-28.7,18.21,83,100,4.92,PT,1699842036
40,vilyuchinsk,52.9306,158.4028,0.15,66,57,3.75,RU,1699842187
41,maun,-19.9833,23.4167,26.53,26,45,2.29,BW,1699842150
42,port elizabeth,-33.918,25.5701,16.16,78,0,4.12,ZA,1699842187
43,papatowai,-46.5619,169.4708,11.73,97,100,2.71,NZ,1699842187
44,yei,4.095,30.6779,19.25,93,17,1.34,SS,1699842187
45,callao,-12.0667,-77.15,20.95,77,100,7.2,PE,1699842103
46,ulsteinvik,62.3432,5.8487,2.95,75,0,3.58,NO,1699842187
47,stanley,54.868,-1.6985,6.51,93,75,2.57,GB,1699842009
48,vorgashor,67.5833,63.95,-11.15,98,89,3.04,RU,1699842188
49,waitangi,-43.9535,-176.5597,12.66,89,100,8.42,NZ,1699842038
50,oranjemund,-28.55,16.4333,14.13,86,0,6.98,NA,1699842188
51,hrebinka,50.1171,32.4361,6.8,73,100,6.77,UA,1699842188
52,kununurra,-15.7667,128.7333,34.99,49,8,3.6,AU,1699842155
53,longyearbyen,78.2186,15.6401,-6.09,79,75,9.77,SJ,1699842188
54,bethel,41.3712,-73.414,1.94,74,0,0.0,US,1699842039
55,andorra,42.5,1.5,12.34,83,58,0.45,AD,1699842189
56,mabaruma,8.2,-59.7833,24.2,93,29,1.28,GY,1699842189
57,cheongsong gun,36.4335,129.057,4.06,30,0,4.63,KR,1699842189
58,lebu,-37.6167,-73.65,8.7,69,0,6.27,CL,1699842190
59,saint-pierre,-21.3393,55.4781,20.82,60,0,4.63,RE,1699842190
60,port mathurin,-19.6833,63.4167,25.06,78,0,2.16,MU,1699842190
61,puerto baquerizo moreno,-0.9,-89.6,23.68,83,95,5.72,EC,1699842054
62,yen vinh,18.6667,105.6667,25.56,84,70,3.19,VN,1699841951
63,chinchilla,-26.75,150.6333,31.92,30,0,1.68,AU,1699842190
64,keflavik,64.0049,-22.5624,4.24,65,0,7.2,IS,1699842190
65,berdigestyakh,62.0989,126.6992,-16.09,95,100,3.86,RU,1699842191
66,mariehamn,60.0973,19.9348,3.23,93,100,2.06,AX,1699842191
67,ilulissat,69.2167,-51.1,-11.99,61,28,0.0,GL,1699842041
68,sanming,26.2486,117.6186,15.11,85,100,1.86,CN,1699842191
69,sona,45.4388,10.8255,5.69,65,53,1.85,IT,1699842191
70,iqaluit,63.7506,-68.5145,-17.95,70,20,4.63,CA,1699842191
71,pontes e lacerda,-15.2261,-59.3353,28.38,56,82,1.48,BR,1699842188
72,taksimo,56.3444,114.8794,-11.29,64,17,0.18,RU,1699842192
73,horta,38.5333,-28.6333,17.79,84,100,6.71,PT,1699842108
74,tura,25.5198,90.2201,21.66,72,0,0.91,IN,1699842192
75,saint-philippe,-21.3585,55.7679,20.77,81,66,2.66,RE,1699842116
76,aykhal,66.0,111.5,-12.99,96,100,4.1,RU,1699842192
77,walvis bay,-22.9575,14.5053,14.53,88,6,3.6,NA,1699842192
78,tiksi,71.6872,128.8694,-17.36,91,87,6.28,RU,1699842028
79,douentza,14.9951,-2.9517,24.33,10,26,2.28,ML,1699842192
80,magadan,59.5667,150.8,-9.15,60,100,3.38,RU,1699842075
81,puerto natales,-51.7236,-72.4875,5.83,86,100,1.62,CL,1699842039
82,vorsma,55.9856,43.2717,7.91,83,52,8.94,RU,1699842193
83,holualoa,19.6228,-155.9522,25.91,79,40,4.63,US,1699842056
84,campbellton,48.0075,-66.6727,-1.75,83,9,2.45,CA,1699842193
85,angaur state,6.906,134.13,29.17,75,86,5.26,PW,1699841686
86,jamestown,42.097,-79.2353,2.8,74,0,2.57,US,1699842102
87,thompson,55.7435,-97.8558,-1.91,100,100,0.0,CA,1699842172
88,kalevala,65.2,31.1667,-4.95,93,100,3.58,RU,1699842193
89,zaozersk,69.4005,32.4476,-11.43,96,99,3.45,RU,1699842043
90,siasi,5.5462,120.8145,28.08,77,0,1.92,PH,1699842194
91,sakaiminato,35.55,133.2333,6.96,100,75,5.14,JP,1699842194
92,sodra sandby,56.5667,16.6167,3.83,91,62,4.05,SE,1699841694
93,kalaleh,37.3807,55.4916,12.78,76,0,0.0,IR,1699842194
94,nsanje,-16.92,35.262,23.37,58,0,1.8,MW,1699842195
95,remire-montjoly,4.9167,-52.2667,27.29,83,1,5.35,GF,1699842195
96,puerto varas,-41.3195,-72.9854,4.12,93,20,0.0,CL,1699842195
97,antsiranana,-12.2787,49.2917,24.58,80,24,5.88,MG,1699842060
98,awgu,6.0742,7.4786,23.77,95,100,1.59,NG,1699842195
99,udachny,66.4167,112.4,-13.08,92,100,3.37,RU,1699842037
100,iskateley,67.6803,53.1512,-11.66,94,43,2.24,RU,1699842022
101,monastyryshche,48.9909,29.8047,5.46,79,100,5.74,UA,1699842196
102,luang namtha,20.9497,101.4011,23.01,94,100,1.03,LA,1699842196
103,simanggang,1.2472,111.4528,28.99,84,20,1.54,MY,1699842196
104,kizel,59.0471,57.6477,1.8,100,100,1.34,RU,1699842177
105,afaahiti,-17.75,-149.2833,26.93,80,54,4.03,PF,1699842042
106,kannur,11.8675,75.3576,24.02,76,99,2.62,IN,1699842196
107,olonkinbyen,70.9221,-8.7187,-3.29,67,100,2.21,SJ,1699842197
108,sampit,-2.5333,112.95,26.7,89,100,0.28,ID,1699842197
109,carauari,-4.8828,-66.8958,26.91,74,57,0.21,BR,1699842197
110,kalmunai,7.4167,81.8167,25.48,88,99,3.88,LK,1699842038
111,korla,41.7597,86.1469,4.14,65,87,1.89,CN,1699842197
112,tommot,58.9564,126.2925,-11.84,91,100,4.13,RU,1699842197
113,invercargill,-46.4,168.35,12.23,91,100,3.58,NZ,1699842197
114,ancud,-41.8697,-73.8203,7.85,78,84,4.38,CL,1699842198
115,gwaram,11.2764,9.8858,21.19,26,99,2.72,NG,1699842198
116,qaqortoq,60.7167,-46.0333,-8.37,90,27,0.55,GL,1699842198
117,starobaltachevo,56.0013,55.9213,2.41,80,100,5.52,RU,1699841963
118,scottburgh,-30.2867,30.7532,17.71,77,100,2.32,ZA,1699841956
119,olinda,-8.0089,-34.8553,26.85,69,20,2.57,BR,1699841730
120,fabens,31.5023,-106.1586,16.43,51,70,5.95,US,1699842199
121,kisangani,0.5167,25.2,20.11,97,100,0.6,CD,1699842006
122,coahuayana de hidalgo,18.7,-103.6583,25.96,88,59,0.74,MX,1699842199
123,shiguai,40.7058,110.2856,-3.17,29,100,1.1,CN,1699842199
124,college,64.8569,-147.8028,-11.03,85,40,2.57,US,1699842199
125,anloga,5.7947,0.8973,27.49,81,6,4.61,GH,1699842199
126,bamboo flat,11.7,92.7167,25.05,88,100,1.03,IN,1699842049
127,isafjordur,66.0755,-23.124,1.61,83,100,2.04,IS,1699842200
128,lapeer,43.0514,-83.3188,6.0,70,100,2.06,US,1699842200
129,lobujya,27.95,86.8167,-8.8,32,0,0.83,NP,1699842200
130,enewetak,11.3474,162.3373,27.14,84,100,6.91,MH,1699842051
131,gizo,-8.103,156.8419,27.7,75,61,5.35,SB,1699842200
132,mogilno,52.6581,17.9558,7.78,92,100,4.47,PL,1699842201
133,hami,42.8,93.45,4.08,27,83,1.25,CN,1699842201
134,queenstown,-31.8976,26.8753,7.2,92,1,0.83,ZA,1699841710
135,bel ombre,-4.6167,55.4167,26.91,83,20,1.54,SC,1699842201
136,utrik,11.2278,169.8474,28.06,81,100,8.45,MH,1699842042
137,quellon,-43.1167,-73.6167,7.85,78,100,4.42,CL,1699842201
138,newman,37.3138,-121.0208,18.49,33,91,2.97,US,1699842201
139,acajutla,13.5928,-89.8275,26.95,80,56,2.31,SV,1699842201
140,east london,-33.0153,27.9116,14.88,68,56,4.09,ZA,1699842202
141,divnoye,45.9089,43.3547,11.99,65,100,3.42,RU,1699842102
142,popondetta,-8.7537,148.2534,32.36,47,69,3.04,PG,1699842202
143,samus',56.7475,84.6992,2.91,99,100,1.86,RU,1699842202
144,haiku-pauwela,20.9219,-156.3051,26.01,74,20,10.29,US,1699842202
145,parfino,57.9731,31.6481,2.31,99,100,2.19,RU,1699842202
146,namtsy,62.7161,129.6658,-16.18,92,78,4.04,RU,1699842202
147,labrador city,52.9463,-66.9114,-8.05,86,100,4.63,CA,1699842202
148,kupang,-10.1667,123.5833,32.32,66,40,2.57,ID,1699842203
149,muang phonsavan,19.45,103.2167,21.5,75,57,1.82,LA,1699842203
150,sao jose da coroa grande,-8.8978,-35.1478,23.75,77,5,1.89,BR,1699842203
151,itamaraca,-7.7478,-34.8256,27.03,76,2,2.37,BR,1699842110
152,northam,51.0333,-4.2167,16.48,97,100,8.36,GB,1699842203
153,gigant,46.5066,41.3419,13.05,73,100,4.3,RU,1699842204
154,devils lake,48.1128,-98.8651,5.99,65,0,6.17,US,1699842205
155,lihue,21.9789,-159.3672,28.58,75,75,8.75,US,1699841999
156,el bolson,-41.9667,-71.5167,0.43,99,29,2.81,AR,1699842205
157,dolores,-36.3132,-57.6792,10.18,71,65,3.42,AR,1699841711
158,minas de marcona,-15.2119,-75.1103,14.57,92,90,5.56,PE,1699842206
159,kapit,2.0167,112.9333,25.55,91,99,0.19,MY,1699842206
160,ruidoso,33.3317,-105.673,7.51,94,0,0.0,US,1699842206
161,nova vicosa,-17.8919,-39.3719,24.66,82,1,7.31,BR,1699842206
162,las lomitas,-24.7096,-60.593,30.28,53,99,1.82,AR,1699842207
163,ferkessedougou,9.6,-5.2,24.68,55,7,0.89,CI,1699842207
164,prainha,-1.8,-53.48,28.51,54,26,2.29,BR,1699842207
165,hugo,45.16,-92.9933,10.79,58,0,0.89,US,1699842207
166,roma,43.2128,-75.4557,-0.19,86,0,0.0,US,1699842207
167,kegeyli shahar,42.7767,59.6078,2.05,59,0,4.79,UZ,1699842207
168,moldova noua,44.7375,21.6669,3.35,67,56,1.82,RO,1699842208
169,bovalino,38.149,16.174,19.63,76,27,5.08,IT,1699842208
170,sechura,-5.5569,-80.8222,21.24,77,0,6.96,PE,1699842208
171,san antonio de pale,-1.4014,5.6325,26.2,83,30,5.09,GQ,1699842208
172,cannonvale,-20.2833,148.7,27.66,54,0,5.79,AU,1699842208
173,khovd,48.0056,91.6419,-4.92,91,100,0.61,MN,1699841837
174,solleftea,63.1667,17.2667,-2.08,96,100,3.29,SE,1699842208
175,svetlyy yar,48.4748,44.781,11.78,82,100,5.08,RU,1699842209
176,vikulovo,56.8167,70.6107,2.49,92,100,2.16,RU,1699842209
177,kaa-khem,51.6833,94.7333,-13.66,82,100,0.06,RU,1699842209
178,port augusta,-32.5,137.7667,28.12,19,100,3.9,AU,1699842209
179,atafu village,-8.5421,-172.5159,29.24,68,62,1.13,TK,1699842209
180,marsabit,2.3284,37.9899,17.87,90,76,4.06,KE,1699842209
181,lucapa,-8.4192,20.7447,16.97,98,100,1.14,AO,1699842209
182,yutan,28.25,112.55,7.75,80,100,5.17,CN,1699842210
183,mount gambier,-37.8333,140.7667,18.58,42,34,4.3,AU,1699842210
184,pachino,36.7186,15.0907,19.15,82,100,8.01,IT,1699842210
185,opuwo,-18.0607,13.84,22.66,38,52,2.06,NA,1699842210
186,keminmaa,65.8596,24.8228,-9.13,92,100,3.09,FI,1699842210
187,hadibu,12.65,54.0333,26.6,83,60,5.94,YE,1699841606
188,marsh harbour,26.5412,-77.0636,25.64,64,15,4.19,BS,1699842211
189,hawaiian paradise park,19.5933,-154.9731,24.46,90,75,2.57,US,1699842211
190,tyrnyauz,43.3828,42.9183,7.29,79,55,4.53,RU,1699842211
191,st. john's,47.5649,-52.7093,-0.57,83,100,5.66,CA,1699842039
192,al kharijah,25.4514,30.5464,23.68,53,100,3.97,EG,1699842089
193,sultanah,24.4926,39.5857,25.25,22,20,2.06,SA,1699842211
194,bredasdorp,-34.5322,20.0403,12.77,88,29,0.39,ZA,1699842211
195,ketchikan,55.3422,-131.6461,6.99,61,0,3.6,US,1699842211
196,mumbwa,-14.9783,27.0619,20.89,70,35,2.2,ZM,1699842212
197,taoudenni,22.6783,-3.9836,25.04,20,2,5.76,ML,1699841709
198,ta`u,-14.2336,-169.5144,27.95,78,19,3.78,AS,1699841683
199,mimizan,44.2006,-1.2289,13.04,71,90,4.72,FR,1699842212
200,aberdeen,57.1437,-2.0981,8.44,96,100,7.2,GB,1699842212
201,smithers,54.7804,-127.1743,-0.82,100,100,0.0,CA,1699841417
202,larose,29.5724,-90.3818,20.01,92,100,4.5,US,1699842212
203,vigan,17.5747,120.3869,29.96,88,7,2.62,PH,1699842212
204,avarua,-21.2078,-159.775,24.03,60,100,3.09,CK,1699842212
205,zavoronezhskoye,52.8801,40.5526,7.24,79,100,10.32,RU,1699842213
206,bilibino,68.0546,166.4372,-14.46,97,100,2.45,RU,1699842045
207,jinchang,38.4953,102.1739,0.64,40,0,0.22,CN,1699842213
208,novodvinsk,64.4165,40.8122,-3.45,93,45,4.57,RU,1699842213
209,bardai,11.65,7.2333,21.24,25,28,3.75,NG,1699842213
210,bereket,39.2446,55.5154,13.2,49,87,6.43,TM,1699842213
211,ambodifotatra,-16.9833,49.85,24.6,72,28,0.88,MG,1699842213
212,mandalgovi,45.7625,106.2708,-4.24,28,38,2.66,MN,1699842214
213,vila velha,-20.3297,-40.2925,26.08,84,0,3.6,BR,1699842080
214,kingston,17.997,-76.7936,29.53,74,20,3.6,JM,1699842214
215,wakkanai,45.4094,141.6739,1.99,69,75,7.72,JP,1699842214
216,wailua homesteads,22.0669,-159.378,28.24,80,75,8.75,US,1699842214
217,klyuchi,52.2667,79.1667,4.38,85,99,5.01,RU,1699842036
218,extrema,-22.8547,-46.3183,23.67,50,100,1.77,BR,1699842214
219,pico truncado,-46.7949,-67.9573,10.45,36,0,10.01,AR,1699842214
220,barmer,25.75,71.3833,19.68,34,73,2.69,IN,1699842071
221,aswan,24.0934,32.907,26.43,62,87,2.16,EG,1699842215
222,belfast,54.5833,-5.9333,11.32,94,40,3.6,GB,1699842145
223,lospalos,-8.5186,127.0025,30.88,47,25,3.74,TL,1699842215
224,port saint john's,-31.6229,29.5448,16.03,72,0,3.48,ZA,1699842042
225,bayanhongor,46.7167,100.1167,-14.25,62,1,1.08,MN,1699842215
226,daru,-9.0763,143.2092,27.02,68,83,3.46,PG,1699842215
227,sarh,9.1429,18.3923,23.95,94,0,0.0,TD,1699842215
228,ahwa,20.75,73.6833,19.8,45,71,2.57,IN,1699842007
229,bikenibeu village,1.3673,173.1241,28.98,84,75,0.51,KI,1699842216
230,shache,38.4167,77.2406,4.37,31,11,0.58,CN,1699842216
231,lazaro cardenas,17.9583,-102.2,26.66,82,50,1.09,MX,1699842041
232,konarka,19.9,86.1167,24.22,73,61,4.46,IN,1699842216
233,gebeit,21.0667,36.3167,23.32,72,97,1.34,SD,1699842216
234,ko pha ngan,9.7578,100.0291,27.38,77,100,7.96,TH,1699842216
235,shimokizukuri,40.8061,140.3861,6.08,75,91,6.69,JP,1699842216
236,cabo san lucas,22.8909,-109.9124,27.64,66,20,3.6,MX,1699842135
237,quesnel,52.9999,-122.5029,6.28,49,100,3.6,CA,1699842217
238,dwarka,22.2394,68.9678,25.93,43,100,5.9,IN,1699842217
239,flying fish cove,-10.4217,105.6791,26.82,78,100,5.14,CX,1699841710
240,palmer,42.1584,-72.3287,0.47,77,0,0.0,US,1699842156
241,oyama,36.3,139.8,9.5,60,100,0.78,JP,1699842217
242,nar'yan-mar,67.6713,53.087,-11.61,94,43,2.24,RU,1699842217
243,tralee,52.2704,-9.7026,14.08,87,100,9.84,IE,1699842217
244,port alfred,-33.5906,26.891,13.43,88,70,0.45,ZA,1699842217
245,rondonopolis,-16.4708,-54.6356,31.09,32,66,1.68,BR,1699842217
246,west island,-12.1568,96.8225,27.99,78,75,5.14,CC,1699842049
247,hamilton,39.1834,-84.5333,8.88,68,0,0.89,US,1699841963
248,karasburg,-28.0167,18.75,17.56,26,0,3.24,NA,1699842218
249,nuuk,64.1835,-51.7216,-9.76,86,16,4.17,GL,1699842218
250,cestos city,5.46,-9.5828,26.09,87,100,3.39,LR,1699842218
251,bratsk,56.1325,101.6142,-5.73,76,96,1.77,RU,1699842218
252,inhambane,-23.865,35.3833,23.36,86,98,3.73,MZ,1699842218
253,gandiaye,14.2333,-16.2667,25.68,26,100,3.93,SN,1699842218
254,san juan,-31.5375,-68.5364,14.53,24,0,5.2,AR,1699842191
255,bom jesus,-9.0744,-44.3586,25.27,36,0,0.89,BR,1699842189
256,moyale,3.5167,39.0584,19.14,85,15,2.04,KE,1699842219
257,kavaratti,10.5669,72.642,27.94,73,73,1.86,IN,1699842219
258,uturoa,-16.7333,-151.4333,27.72,76,42,2.42,PF,1699842219
259,pathein,16.7833,94.7333,26.58,84,75,4.18,MM,1699842219
260,aasiaat,68.7098,-52.8699,-14.29,83,18,0.94,GL,1699842036
261,belomorsk,64.5232,34.7668,-1.48,77,98,6.23,RU,1699842219
262,pinehurst,35.1954,-79.4695,9.98,74,0,2.06,US,1699842136
263,igarka,67.4667,86.5833,-2.43,97,100,5.11,RU,1699842039
264,necochea,-38.5473,-58.7368,8.9,59,0,2.01,AR,1699842220
265,riedenburg,48.9667,11.6833,4.71,97,100,1.31,DE,1699842220
266,gobabis,-22.45,18.9667,23.63,40,100,5.4,NA,1699842220
267,vega de alatorre,20.0333,-96.6333,21.26,90,99,6.8,MX,1699841978
268,kailua-kona,19.6406,-155.9956,27.98,79,40,4.63,US,1699841988
269,murghob,38.1702,73.9667,-10.64,72,7,2.41,TJ,1699842220
270,alice springs,-23.7,133.8833,34.75,24,40,4.12,AU,1699842216
271,nuku'alofa,-21.1333,-175.2,21.19,94,100,6.17,TO,1699842221
272,palikir - national government center,6.9248,158.1611,30.47,74,100,1.54,FM,1699842221
273,vila franca do campo,37.7167,-25.4333,20.23,99,82,6.77,PT,1699841731
274,fujin,47.26,132.0322,-6.99,83,12,6.54,CN,1699842221
275,new norfolk,-42.7826,147.0587,20.4,35,25,3.6,AU,1699842221
276,palu,-0.8917,119.8707,29.14,78,100,0.3,ID,1699842190
277,san patricio,28.017,-97.5169,17.13,97,100,4.05,US,1699842221
278,pierre,44.3683,-100.351,10.15,53,0,2.24,US,1699842175
279,tayu,-6.5397,111.0518,30.22,64,36,2.7,ID,1699842221
280,fale old settlement,-9.3852,-171.2468,29.26,70,85,2.0,TK,1699842222
281,bodo,67.28,14.405,-1.79,61,0,8.75,NO,1699841722
282,la'ie,21.6477,-157.9253,28.98,74,34,4.47,US,1699842094
283,alvand,36.3187,49.1678,8.91,40,81,2.03,IR,1699842222
284,volkhov,59.9258,32.3382,1.86,96,100,4.47,RU,1699842222
285,isangel,-19.55,169.2667,23.06,88,75,4.63,VU,1699842222
286,sirte,31.2089,16.5887,21.14,68,0,2.22,LY,1699842222
287,skovorodino,53.9833,123.9167,-5.53,48,10,1.32,RU,1699842222
288,argostolion,38.1811,20.489,18.19,56,100,1.26,GR,1699842223
289,antanifotsy,-19.65,47.3167,14.67,89,94,1.51,MG,1699842223
290,singkil,-7.9855,111.4161,31.49,56,16,2.52,ID,1699842223
291,khilok,51.3674,110.4676,-5.58,67,80,1.27,RU,1699842223
292,kencong,-8.2833,113.3667,30.14,63,16,2.13,ID,1699842223
293,cudillero,43.5622,-6.1459,18.51,75,0,3.09,ES,1699842223
294,warrnambool,-38.3833,142.4833,20.19,56,5,5.27,AU,1699842178
295,lorengau,-2.0226,147.2712,29.37,65,34,1.94,PG,1699842081
296,paredon,16.0333,-93.8667,27.79,71,16,6.86,MX,1699842223
297,abbeville,50.1,1.8333,12.98,94,100,4.47,FR,1699842147
298,bhimunipatnam,17.8833,83.4333,24.73,70,81,3.58,IN,1699842224
299,choibalsan,48.0667,114.5,-6.88,78,1,4.86,MN,1699842224
300,hebi,35.8992,114.1925,6.56,44,100,4.0,CN,1699842224
301,lupane,-18.9315,27.807,20.76,33,5,2.61,ZW,1699842224
302,codrington,-38.2667,141.9667,16.61,51,7,5.97,AU,1699842224
303,kapa'a,22.0752,-159.319,28.99,80,75,8.75,US,1699842224
304,tshabong,-26.05,22.45,21.27,16,0,3.78,BW,1699842054
305,la ronge,55.1001,-105.2842,-0.86,80,0,2.57,CA,1699842225
306,badger,64.8,-147.5333,-11.07,87,40,2.57,US,1699842225
307,puerto armuelles,8.2833,-82.8667,27.27,84,100,3.13,PA,1699841538
308,borogontsy,62.6683,131.1683,-17.14,95,78,2.8,RU,1699842084
309,santa maria,-29.6842,-53.8069,20.5,98,91,3.41,BR,1699841772
310,thunder bay,48.4001,-89.3168,2.95,100,100,1.54,CA,1699841468
311,cole harbour,44.6724,-63.4751,0.52,86,62,0.89,CA,1699842225
312,nelson bay,-32.7167,152.15,22.22,65,88,3.13,AU,1699842225
313,champerico,14.3,-91.9167,28.01,79,7,1.47,GT,1699842225
314,marawi city,8.0,124.2833,26.84,67,30,1.66,PH,1699842226
315,tazovsky,67.4667,78.7,-9.84,94,73,6.2,RU,1699842226
316,nkhata bay,-11.6066,34.2907,25.24,71,90,1.12,MW,1699842226
317,kiunga,-6.1219,141.2906,33.58,47,33,1.06,PG,1699842226
318,bryne,58.7354,5.6477,5.55,93,75,1.03,NO,1699842226
319,port lincoln,-34.7333,135.8667,17.1,64,100,5.32,AU,1699841648
320,arraial do cabo,-22.9661,-42.0278,24.35,86,100,0.54,BR,1699842086
321,as sulayyil,20.4607,45.5779,18.14,47,7,3.42,SA,1699842227
322,broome,42.2506,-75.833,0.25,79,0,1.54,US,1699842227
323,mazamari,-11.3258,-74.5308,24.31,82,87,0.82,PE,1699842228
324,pimentel,-6.8367,-79.9342,21.16,78,0,8.23,PE,1699841728
325,valparaiso,-33.0393,-71.6273,12.8,66,75,2.06,CL,1699842229
326,puerto ayora,-0.7393,-90.3518,24.75,90,61,3.13,EC,1699842024
327,nova sintra,14.8667,-24.7167,23.57,67,71,2.53,CV,1699842229
328,fortuna,40.5982,-124.1573,13.85,75,0,0.0,US,1699842229
329,itaituba,-4.2761,-55.9836,28.41,55,24,0.61,BR,1699841971
330,wynyard,-41.0,145.7167,18.51,40,0,4.87,AU,1699841714
331,saipan,15.1355,145.701,31.39,70,20,8.75,MP,1699842037
332,pangody,65.85,74.4859,-9.52,88,13,7.24,RU,1699842120
333,huanren,41.2647,125.3667,-2.6,41,0,1.22,CN,1699842230
334,amos,48.5669,-78.1162,-5.16,90,22,3.3,CA,1699842230
335,laguna,38.421,-121.4238,18.38,55,0,2.06,US,1699842053
336,morehead city,34.7229,-76.726,12.77,84,100,6.69,US,1699841983
337,pontivy,48.0,-3.0,15.73,90,100,11.01,FR,1699842230
338,alofi,-19.0595,-169.9187,25.94,78,75,7.2,NU,1699842230
339,usinsk,65.9939,57.5281,-14.96,100,95,2.24,RU,1699842230
340,darab,28.7519,54.5444,14.59,28,81,1.19,IR,1699842230
341,namsos,64.4662,11.4957,-0.97,74,1,7.2,NO,1699842073
342,sao joao da barra,-21.6403,-41.0511,24.06,90,88,4.56,BR,1699842190
343,olmos,-5.9847,-79.7453,19.39,74,2,1.7,PE,1699842231
344,pervari,37.9357,42.5493,11.59,57,5,2.49,TR,1699842231
345,nishinoomote,30.7333,131.0,14.31,54,40,8.23,JP,1699842015
346,chernomorskoye,45.5039,32.6997,12.29,61,71,5.11,UA,1699842231
347,sosua,19.7667,-70.5167,24.95,94,20,0.0,DO,1699842231
348,naze,28.3667,129.4833,18.51,65,91,7.95,JP,1699842231
349,lamu,-2.2717,40.902,25.12,87,97,2.11,KE,1699841710
350,kishtwar,33.3167,75.7667,8.22,42,1,2.24,IN,1699842232
351,retreat,38.8245,-85.8533,6.28,61,0,2.5,US,1699842232
352,saint-louis,16.3333,-15.0,27.36,13,75,3.94,SN,1699842232
353,naryn,41.4287,75.9911,-6.45,78,6,3.4,KG,1699842232
354,barentu,15.1139,37.5928,23.46,57,18,1.17,ER,1699842232
355,linxia chengguanzhen,35.6003,103.2064,2.52,57,0,1.23,CN,1699842232
356,anadyr,64.75,177.4833,-1.72,92,75,5.0,RU,1699842043
357,rongelap,11.1635,166.8941,27.97,82,100,8.91,MH,1699841710
358,kaiapoi,-43.3783,172.6401,25.19,33,99,9.77,NZ,1699842233
359,peniche,39.3558,-9.3811,17.47,95,18,4.26,PT,1699842233
360,zahedan,29.4963,60.8629,5.95,70,0,2.06,IR,1699842233
361,kabalo,-6.05,26.9167,20.09,97,100,0.33,CD,1699842233
362,mstsislaw,54.0192,31.7257,2.89,96,100,8.33,BY,1699842233
363,beypore,11.1833,75.8167,23.58,78,20,2.57,IN,1699842049
364,yelovo,57.0538,54.9207,1.91,86,100,5.6,RU,1699842233
365,praia,14.9215,-23.5087,24.3,83,0,4.12,CV,1699842233
366,cidreira,-30.1811,-50.2056,20.45,98,100,5.08,BR,1699841695
367,brigantine,39.4101,-74.3646,6.11,77,7,3.86,US,1699842233
368,datong,40.0936,113.2914,-3.04,36,100,0.77,CN,1699842030
369,mount pearl,47.5166,-52.7813,-1.03,83,100,5.66,CA,1699841685
370,howard springs,-12.497,131.047,33.82,58,34,1.18,AU,1699842234
371,fredericksburg,38.3032,-77.4605,5.21,83,0,11.18,US,1699841811
372,salinopolis,-0.6136,-47.3561,26.49,80,14,4.45,BR,1699842234
373,fort bragg,35.139,-79.006,11.75,80,0,2.06,US,1699842019
374,zambezi,-13.5432,23.1047,19.57,82,100,1.98,ZM,1699842234
375,wad rawah,15.1603,33.1397,30.29,30,32,3.26,SD,1699842234
376,linqiong,30.4159,103.4609,10.9,82,100,1.11,CN,1699842234
377,ghat,24.9647,10.1728,17.98,32,0,2.69,LY,1699841723
378,burang,30.25,81.1667,-2.75,49,0,1.0,CN,1699842119
379,huaquillas,-3.4833,-80.2333,25.13,83,75,2.06,EC,1699842235
380,torrejon de ardoz,40.4553,-3.4697,16.18,98,100,1.03,ES,1699842235
381,nouadhibou,20.931,-17.0347,20.99,78,0,4.63,MR,1699842208
382,al mawsil al jadidah,36.3346,43.0978,20.85,36,100,1.18,IQ,1699842235
383,san ignacio,17.1561,-89.0714,24.08,94,0,0.0,BZ,1699842235
384,al jawf,29.5,38.75,22.92,39,100,2.51,SA,1699841726
385,khandyga,62.6667,135.6,-20.8,94,100,0.63,RU,1699842235
386,howrah,22.5892,88.3103,23.0,88,26,3.09,IN,1699842235
387,itoman,26.1247,127.6694,22.21,56,75,11.83,JP,1699841984
388,zapala,-38.8992,-70.0544,8.02,43,0,4.72,AR,1699842236
389,tranqueras,-31.2,-55.75,18.8,99,100,2.86,UY,1699842236
390,maardu,59.4767,25.025,4.22,91,100,6.26,EE,1699842236
391,ixtapa,20.7,-105.2,28.57,79,40,2.57,MX,1699842236
392,dampit,-8.2116,112.7493,29.57,58,22,2.34,ID,1699842097
393,zaltan,32.947,11.8665,19.82,51,0,3.36,LY,1699842236
394,mount isa,-20.7333,139.5,36.87,20,5,6.17,AU,1699841715
395,kem',64.9555,34.5793,-0.91,79,43,7.57,RU,1699842237
396,auki,-8.7676,160.7034,27.51,78,100,0.74,SB,1699842237
397,westport,41.1415,-73.3579,3.58,66,0,3.09,US,1699842237
398,antonio enes,-16.2325,39.9086,24.71,84,1,2.15,MZ,1699842237
399,rabigh,22.7986,39.0349,28.67,61,100,1.34,SA,1699842237
400,ukata,10.8312,5.8249,22.27,27,3,1.59,NG,1699842237
401,manado,1.487,124.8455,33.43,58,40,2.06,ID,1699842206
402,gaya,24.7833,85.0,17.95,100,1,0.0,IN,1699842237
403,kidal,18.4411,1.4078,24.73,12,0,4.76,ML,1699842237
404,barranca,-10.75,-77.7667,19.3,81,27,3.85,PE,1699842237
405,ar rutbah,33.0381,40.2848,18.03,35,82,2.08,IQ,1699842238
406,sabha,27.0377,14.4283,18.56,41,0,3.39,LY,1699842238
407,jiuquan,39.7432,98.5174,0.03,34,33,2.14,CN,1699842238
408,santander jimenez,24.2167,-98.4667,16.74,86,100,2.05,MX,1699842238
409,tual,-5.6667,132.75,27.94,77,28,4.5,ID,1699842238
410,burao,9.5221,45.5336,21.28,78,94,2.25,SO,1699842238
411,guilin,25.2819,110.2864,9.06,85,100,3.88,CN,1699842238
412,santa cruz,-17.8,-63.1667,30.7,55,40,4.63,BO,1699842238
413,marang,5.2056,103.2059,29.95,74,8,1.46,MY,1699842238
414,milove,49.3787,40.1302,7.54,76,76,7.0,UA,1699842239
415,echuca,-36.1333,144.75,26.09,29,0,4.64,AU,1699842239
416,divnogorsk,55.9594,92.3619,1.27,89,100,2.77,RU,1699842239
417,san julian,21.0167,-102.1667,17.0,62,55,1.24,MX,1699842239
418,krasnyy chikoy,50.3643,108.7512,-7.57,80,67,0.71,RU,1699842239
419,den burg,53.0542,4.7972,6.65,95,100,3.6,NL,1699842239
420,cascais,38.6979,-9.4215,18.36,95,3,3.13,PT,1699842095
421,dakhla,23.6848,-15.958,21.58,61,11,4.07,EH,1699842239
422,kuala tungkal,-0.8167,103.4667,29.29,70,50,1.49,ID,1699842240
423,talavera de la reina,39.9635,-4.8308,15.58,94,99,1.5,ES,1699842240
424,geraldton,-28.7667,114.6,27.23,50,0,4.12,AU,1699842240
425,hammerfest,70.6634,23.6821,-6.75,63,15,0.51,NO,1699842240
426,nanzhang chengguanzhen,31.7839,111.8275,9.07,56,38,1.62,CN,1699842240
427,kourou,5.1552,-52.6478,26.63,86,4,4.1,GF,1699842240
428,la passe,45.5549,-0.8967,14.43,83,83,5.05,FR,1699842067
429,tsagan aman,47.5639,46.7218,9.99,84,100,3.81,RU,1699842240
430,sungai penuh,-2.0833,101.3833,24.41,74,51,0.5,ID,1699842083
431,jose maria morelos,23.3952,-103.8984,11.09,89,97,2.26,MX,1699842241
432,benghazi,32.1167,20.0667,21.62,68,1,2.98,LY,1699842241
433,salaga,8.5508,-0.5188,27.19,69,79,2.58,GH,1699842241
434,happy valley-goose bay,53.3168,-60.3315,-2.83,68,75,4.63,CA,1699842241
435,male,4.1748,73.5089,27.97,89,20,1.54,MV,1699842241
436,teluk nibung,3.001,99.8164,27.43,84,72,0.58,ID,1699841683
437,burela de cabo,43.65,-7.4,18.19,81,89,8.47,ES,1699842241
438,prudentopolis,-25.2131,-50.9778,22.49,77,61,0.67,BR,1699842241
439,oriximina,-1.7656,-55.8661,30.25,51,91,1.22,BR,1699842130
440,laojunmiao,39.8333,97.7333,1.27,32,62,2.01,CN,1699842075
441,pisco,-13.7,-76.2167,20.01,88,10,7.2,PE,1699842128
442,nemuro,43.3236,145.575,4.89,48,38,4.84,JP,1699842036
443,masterton,-40.9597,175.6575,16.6,59,13,7.17,NZ,1699841649
444,tolanaro,-25.0319,46.9987,18.04,94,0,1.03,MG,1699842242
445,xiongzhou,25.1167,114.3,12.68,71,99,2.99,CN,1699842242
446,yekaterinoslavka,50.3734,129.1139,-5.06,74,1,6.25,RU,1699842243
447,sheridan,44.8333,-106.9173,7.39,69,0,3.09,US,1699842243
448,dalbandin,28.8947,64.4101,15.99,34,85,2.81,PK,1699842243
449,taltal,-25.4,-70.4833,17.44,73,2,2.35,CL,1699842243
450,heroica matamoros,25.8833,-97.5,16.94,97,100,7.72,MX,1699842111
451,cabras,39.93,8.5314,17.82,85,56,4.17,IT,1699842243
452,nyala,12.05,24.8833,25.16,51,24,1.71,SD,1699842244
453,sarangani,5.4033,125.4636,28.44,73,50,1.43,PH,1699842244
454,gilgit,35.9221,74.3087,7.7,43,2,1.18,PK,1699842244
455,souillac,-20.5167,57.5167,20.21,94,20,2.57,MU,1699842054
456,xilin hot,43.9667,116.0333,-8.14,69,4,4.27,CN,1699842244
457,narvik,68.4384,17.4272,-2.33,73,15,3.44,NO,1699842244
458,cozumel,20.5083,-86.9458,28.04,87,20,3.6,MX,1699842015
459,chakradharpur,22.7,85.6333,22.57,66,49,0.71,IN,1699842244
460,san pedro pochutla,15.7333,-96.4667,24.9,89,10,1.63,MX,1699842245
461,polyarnyy,69.1989,33.4478,-9.83,95,90,4.51,RU,1699842245
462,fort st. john,56.2499,-120.8529,-1.06,69,75,3.6,CA,1699841731
463,kargasok,59.0556,80.8572,1.09,94,99,2.68,RU,1699841698
464,pedernales,18.0384,-71.744,27.6,67,6,3.12,DO,1699842245
465,ola,59.5833,151.2833,-8.81,61,100,5.29,RU,1699842082
466,luderitz,-26.6481,15.1594,17.75,58,0,8.55,NA,1699842246
467,ruza,55.699,36.1952,5.58,95,100,2.01,RU,1699842246
468,medina del campo,41.3124,-4.9141,14.78,94,49,3.35,ES,1699842246
469,pangoa,-12.1167,-73.0,21.74,98,100,1.45,PE,1699842246
470,mata-utu,-13.2816,-176.1745,28.88,70,88,6.41,WF,1699842246
471,fillmore,43.6666,-92.1002,11.27,53,0,5.66,US,1699842246
472,igrim,63.1906,64.4162,-9.86,94,6,1.47,RU,1699842247
473,kudymkar,59.0173,54.656,0.12,91,100,3.77,RU,1699842247
474,salina cruz,16.1667,-95.2,27.72,67,10,8.64,MX,1699842233
475,castillos,-34.1667,-53.8333,15.16,90,72,2.82,UY,1699842247
476,pudasjarvi,65.3833,26.9167,-3.9,85,100,4.34,FI,1699842247
477,nadym,65.5333,72.5167,-9.52,83,14,7.25,RU,1699842247
478,prienai,54.6333,23.95,6.15,83,95,6.56,LT,1699842248
479,ponta delgada,37.7333,-25.6667,20.4,94,40,5.14,PT,1699842248
480,suriapet,17.15,79.6167,23.26,78,88,0.38,IN,1699842248
481,dzhalagash,45.0833,64.6667,2.47,84,6,0.93,KZ,1699842248
482,oodweyne,9.4092,45.064,22.23,69,96,2.94,SO,1699842248
483,misratah,32.3754,15.0925,21.09,62,0,4.38,LY,1699842249
484,reggane,26.7158,0.1714,22.72,27,6,4.62,DZ,1699842249
485,kribi,2.95,9.9167,24.55,95,100,2.08,CM,1699842249
486,qarazhal,48.0078,70.7903,2.2,87,100,2.64,KZ,1699842249
487,houghton,47.1219,-88.569,9.71,74,28,6.17,US,1699842151
488,island harbour,50.724,-1.2758,13.04,93,100,3.13,GB,1699841727
489,carolina beach,34.0352,-77.8936,11.15,94,100,7.96,US,1699842033
490,banda aceh,5.5577,95.3222,28.19,75,37,4.02,ID,1699842251
491,guerrero negro,27.9769,-114.0611,19.79,66,0,6.7,MX,1699842251
492,san bernardo del viento,9.3533,-75.9524,26.92,85,99,4.3,CO,1699842251
493,spassk,52.747,87.7545,2.64,99,100,0.89,RU,1699842251
494,solnechnyy,50.7214,136.6319,-11.09,75,65,1.4,RU,1699842252
495,massenya,11.4039,16.1705,26.58,26,100,2.05,TD,1699842252
496,turtas,58.9417,69.1325,-0.16,98,46,1.93,RU,1699842252
497,tezu,27.9167,96.1667,23.05,36,0,0.3,IN,1699842252
498,egersund,58.4513,5.9997,5.05,84,100,4.42,NO,1699842252
499,marathon,44.9,-89.7668,9.33,68,40,3.6,US,1699842252
500,grand rapids,42.9634,-85.6681,10.09,55,100,6.69,US,1699841933
501,vadso,70.0744,29.7487,-5.91,86,20,1.54,NO,1699842027
502,tanout,14.9709,8.8879,22.65,15,50,5.08,NE,1699842253
503,al bawiti,28.3492,28.8659,19.59,86,0,3.49,EG,1699842253
504,sao vicente,-23.9631,-46.3919,34.1,26,9,0.89,BR,1699842197
505,paita,-5.0892,-81.1144,20.77,84,2,6.1,PE,1699842254
506,kasaragod,12.5,75.0,23.31,76,100,2.25,IN,1699842254
507,chonchi,-42.6128,-73.8092,7.56,84,97,1.53,CL,1699841865
508,luchegorsk,46.4764,134.2569,-5.45,74,57,4.36,RU,1699842201
509,ananyiv,47.7201,29.9664,6.89,79,100,4.62,UA,1699842254
510,pemangkat,1.1667,108.9667,28.27,73,95,2.09,ID,1699842254
511,borjomi,41.8527,43.4128,11.5,64,74,1.54,GE,1699842254
512,aleksandriyskaya,44.2272,43.3453,9.4,81,100,0.18,RU,1699842255
513,namie,37.4833,141.0,11.1,70,100,2.81,JP,1699842255
514,saldanha,-33.0117,17.9442,13.03,88,0,6.38,ZA,1699842255
515,yonggang-up,38.8561,125.4244,3.34,46,0,5.57,KP,1699842256
516,urucui,-7.2294,-44.5561,27.64,35,0,1.42,BR,1699842256
517,north ward,-19.2454,146.8075,28.95,51,20,8.23,AU,1699842256
518,zhongxing,33.7039,118.6792,5.61,42,39,2.91,CN,1699842256
519,parvatipuram,18.7833,83.4333,22.98,68,33,1.4,IN,1699842256
520,tra mhor,52.1624,-7.1524,13.12,95,100,9.83,IE,1699842256
521,arakkonam,13.1,79.6667,23.73,82,100,2.53,IN,1699842257
522,vorkuta,67.5,64.0,-11.01,98,86,2.74,RU,1699842257
523,jianshui,23.6363,102.8264,18.23,87,100,1.4,CN,1699842257
524,shimoda,34.6667,138.95,13.2,76,88,5.67,JP,1699842257
525,paris,48.8534,2.3488,12.46,94,100,3.6,FR,1699841851
526,xapuri,-10.6517,-68.5044,27.42,62,1,1.32,BR,1699842257
527,hailar,49.2,119.7,-10.85,88,8,4.08,CN,1699842257
528,al kharj,24.155,47.3346,21.32,53,96,2.4,SA,1699842258
529,lebyazh'ye,55.2689,66.4947,1.4,96,49,3.08,RU,1699842258
530,el porvenir,13.7617,-87.3458,23.63,79,98,3.04,HN,1699842258
531,yuzhno-kurilsk,44.0306,145.8556,2.43,80,69,1.88,RU,1699842097
532,muroto-misakicho,33.2833,134.15,12.83,56,14,7.21,JP,1699842258
533,edson,53.5835,-116.4356,-2.92,54,0,1.03,CA,1699842258
534,kilkis,40.9919,22.8708,14.18,81,100,0.88,GR,1699841999
535,creel,27.75,-107.6333,7.48,79,24,1.06,MX,1699842259
536,manta,-0.95,-80.7333,23.88,83,40,4.12,EC,1699842259
537,nuoro,40.3211,9.3297,13.6,79,100,6.86,IT,1699842259
538,crane,31.3974,-102.3501,14.08,77,100,3.4,US,1699842259
539,balkanabat,39.5108,54.3671,17.28,37,100,2.99,TM,1699841692
540,gadzhiyevo,69.2551,33.3362,-10.31,96,94,4.42,RU,1699841716
541,ndibene dahra,15.3338,-15.4766,26.58,16,100,3.91,SN,1699842260
542,san andres,12.5847,-81.7006,28.01,89,20,3.6,CO,1699842260
543,pizarro,4.9533,-77.366,25.13,90,100,0.15,CO,1699842261
544,xinyi,22.373,110.9475,18.3,72,61,3.66,CN,1699842261
545,brisas de zicatela,15.8369,-97.0419,27.67,81,12,2.55,MX,1699842261
546,paphos,34.7667,32.4167,17.88,77,75,3.09,CY,1699842261
547,emerald,-23.5333,148.1667,31.3,36,0,3.27,AU,1699842261
548,lingyuan,41.24,119.4011,-0.52,29,0,1.73,CN,1699842261
549,ustka,54.5805,16.8619,4.8,88,93,3.07,PL,1699842262
550,okhotsk,59.3833,143.3,-14.37,77,0,9.6,RU,1699842036
551,anar darah,32.7587,61.654,13.3,42,1,2.66,AF,1699842021
552,melfort,52.8667,-104.6177,1.07,75,2,3.6,CA,1699842262
553,preobrazheniye,42.9019,133.9064,-1.42,47,100,4.08,RU,1699842042
554,coquimbo,-29.9533,-71.3436,13.85,82,0,3.09,CL,1699842262
555,altamira,-3.2033,-52.2064,26.83,60,98,1.2,BR,1699842262
556,maralal,1.0968,36.698,14.82,94,90,1.97,KE,1699842262
557,cimitarra,6.3142,-73.9497,24.85,97,100,1.28,CO,1699842263
558,obama,35.4958,135.746,8.86,71,100,10.54,JP,1699842263
559,maysville,38.6412,-83.7444,9.88,61,0,0.0,US,1699842263
560,portland,45.5234,-122.6762,14.49,78,100,7.2,US,1699841852
561,ukhta,63.5671,53.6835,-6.91,98,100,1.34,RU,1699842263
562,rio preto da eva,-2.6994,-59.6997,27.21,68,33,1.55,BR,1699842263
563,tazacorte,28.629,-17.9293,23.42,37,20,4.02,ES,1699841686
564,pointe-noire,-4.7761,11.8635,25.47,86,99,1.55,CG,1699842264
565,san mariano,7.5,126.0,28.85,71,35,2.37,PH,1699842264
566,carutapera,-1.195,-46.02,26.1,79,0,3.55,BR,1699842264
567,kodiak,57.79,-152.4072,0.73,69,0,2.57,US,1699842264
568,pavlodar,52.3,76.95,2.89,93,75,4.0,KZ,1699842156
569,mbabane,-26.3167,31.1333,12.09,84,100,0.68,SZ,1699842264
570,melekeok village,7.4957,134.6367,27.31,89,100,0.0,PW,1699842264
571,ambovombe,-25.1667,46.0833,21.28,56,0,2.48,MG,1699842264
572,klaksvik,62.2266,-6.589,6.51,77,100,11.5,FO,1699842265
573,yaguaron,-25.6,-57.3,35.21,44,67,2.43,PY,1699842265
574,roosevelt,33.9668,-103.4505,8.93,48,97,2.87,US,1699842265
575,twon-brass,4.3151,6.2418,27.24,80,93,3.53,NG,1699841795
576,meadow lake,34.8014,-106.5436,10.83,31,0,2.28,US,1699842265
577,andalusia,31.3085,-86.4833,15.92,91,100,3.09,US,1699842265
578,dhuusamarreeb,5.535,46.3861,25.24,83,16,3.69,SO,1699842265
579,kalix,65.853,23.1565,-7.6,94,100,3.71,SE,1699841677
580,port douglas,-16.4833,145.4667,25.99,64,69,5.0,AU,1699842266
581,wick,58.4333,-3.0833,9.03,71,75,10.8,GB,1699842266
582,wenxing,28.6667,112.8833,8.87,69,98,4.17,CN,1699842266
583,eynesil,41.0645,39.1438,16.39,81,98,3.55,TR,1699842266
584,brokopondo,4.75,-55.1667,26.1,78,5,4.93,SR,1699842266
585,hobyo,5.3505,48.5268,27.18,82,100,4.15,SO,1699842266
586,potam,27.6,-110.3833,21.94,45,0,2.94,MX,1699842267
587,prince george,53.9166,-122.753,2.69,78,100,4.12,CA,1699842114
588,vyaz'ma,55.2104,34.2951,2.6,94,100,6.98,RU,1699842267
589,neryungri,56.6709,124.6491,-11.23,88,96,3.2,RU,1699841709
590,charters towers,-20.1,146.2667,31.84,26,0,6.24,AU,1699842039
591,inarajan village,13.2736,144.7484,32.54,83,21,8.39,GU,1699842267
592,krasnyy yar,46.5331,48.3456,10.96,73,100,3.87,RU,1699842267
593,fada,9.5667,8.3,21.16,50,54,1.66,NG,1699842267
594,lakhipur,26.0299,90.3041,20.73,82,0,2.86,IN,1699842268
